,SensLevel0,SensLevel1,AUC,AucCI_lo,AucCI_hi,SE,OpSen,SenCI_lo,SenCI_hi,OpSpe,SpeCI_lo,SpeCI_hi
ponyGE,0.41304347826086957,0.6086956521739131,0.7582608695652173,0.6198981825678627,0.896623556562572,0.07059450484230419,0.6086956521739131,0.4092385110469433,0.8081527933008829,0.8,0.6432,0.9568000000000001
